{"stats":{"minecraft:mined":{"minecraft:stone":2,"minecraft:oak_log":17},"minecraft:custom":{"minecraft:jump":15,"minecraft:time_since_rest":11716,"minecraft:sprint_one_cm":988,"minecraft:play_time":11716,"minecraft:time_since_death":11716,"minecraft:walk_one_cm":4061,"minecraft:total_world_time":11716,"minecraft:interact_with_crafting_table":2,"minecraft:fall_one_cm":209,"minecraft:fly_one_cm":1371},"minecraft:used":{"minecraft:wooden_pickaxe":2,"minecraft:crafting_table":1},"minecraft:picked_up":{"minecraft:oak_log":17,"minecraft:cobblestone":2},"minecraft:crafted":{"minecraft:crafting_table":1,"minecraft:oak_planks":24,"minecraft:stick":8,"minecraft:wooden_pickaxe":1}},"DataVersion":3955}