{"stats":{"minecraft:mined":{"minecraft:granite":8,"minecraft:coal_ore":1,"minecraft:oak_log":17,"minecraft:stone":49,"minecraft:crafting_table":1},"minecraft:custom":{"minecraft:time_since_rest":23716,"minecraft:crouch_one_cm":1058,"minecraft:play_time":23716,"minecraft:sprint_one_cm":988,"minecraft:walk_one_cm":13431,"minecraft:sneak_time":2593,"minecraft:jump":23,"minecraft:time_since_death":23716,"minecraft:total_world_time":23716,"minecraft:interact_with_crafting_table":3,"minecraft:fall_one_cm":209,"minecraft:fly_one_cm":1371},"minecraft:used":{"minecraft:crafting_table":2,"minecraft:stone_pickaxe":37,"minecraft:wooden_pickaxe":22,"minecraft:granite":3},"minecraft:picked_up":{"minecraft:crafting_table":1,"minecraft:granite":7,"minecraft:oak_log":17,"minecraft:coal":1,"minecraft:cobblestone":46},"minecraft:crafted":{"minecraft:oak_planks":24,"minecraft:torch":4,"minecraft:crafting_table":2,"minecraft:stick":8,"minecraft:wooden_pickaxe":1,"minecraft:stone_pickaxe":1}},"DataVersion":3955}